,name,id
0,"Byrne,R", 56018937500
1,"Campbell,V", 7005003245
2,"Di Liberto,G", 56893669400
3,"Rowan,M", 7103383672
4,"Reilly,R", 7102935766
5,"Mills,K", 7202875495
6,"Whelan,R", 14030625500
7,"O'Connell,R", 7103138829
8,"Labrador,J", 6603234639
9,"Downer,E", 6508208711
10,"Doherty,C", 7102240088
11,"Robertson,I", 7202282108
12,"Lopez-Valdes,A", 55775348600
13,"Lawlor,B", 20334798100
14,"Harbison,J", 7006388802
15,"Harkin,A", 7003625060
16,"Newell,F", 7004915318
17,"Tsanov,M", 16426642900
18,"Caldwell,M", 7101755352
19,"Cusack,R", 7005681420
20,"Tropea,D", 6508358930
21,"O'Mara,S", 7004191598
22,"Ahmad,K", 7202244730
23,"Cannon,M", 7202419754
24,"Kelly,C", 14058373600
25,"Kenny,R", 57214210019
26,"Dev,K", 7004135414
27,"McCrory,C", 6603910965
28,"Romero-Ortuño,R", 6506965877
29,"Gillan,C", 50161540900
30,"Kenna,P", 7003500444
31,"Humphries,P", 7006558850
32,"Ramaswami,M", 36834301600
33,"Sasse,A", 35803851000
34,"Kelly,A", 7402153477
35,"Farrar,G", 7102939943
36,"Mitchell,K", 9036948400
37,"Gill,M", 57211767979
38,"O'Keane,V", 55963926800
39,"Ryan,T", 23670791300
40,"Rozas,I", 7004096240
41,"Lynch,A", 7102636970
42,"Doyle,S", 7101941609
43,"Lynch,M", 7401592953
44,"Davey,G", 7102000872
45,"Hardiman,O", 57201275401
46,"Kelly,J", 35584095400
47,"Bokde,A", 6602566280
48,"Corvin,A", 57217656691
49,"Cunningham,C", 7201736265
50,"Gallagher,L", 7005393044
51,"Kennelly,S", 16555220300
52,"Witney,A", 6701806140
53,"O'Neill,D", 7101811060
54,"Lalor,E", 8843627500
55,"McLoughlin,D", 7005061686
56,"McCarthy-Jones,S", 37041677700
57,"Kerskens,C", 6506921926
58,"Molloy,E", 6603848328
59,"Dockree,P", 6508334448
60,"Naçi,L", 8565340000
61,"Carson,R", 7202926065
62,"Campbell,M", 23988634300
